Category,Weighted_Pct
Midwest: 11yrs- ,0.143112701252
Midwest: 12yrs,0.124946282768
Midwest: 12yrs+,0.2098065039
Midwest: 16yrs+,0.165385900434
Northeast: 11yrs- ,0.0
Northeast: 12yrs,0.132465935867
Northeast: 12yrs+,0.160415542364
Northeast: 16yrs+,0.22280086041
South: 11yrs- ,0.122553017945
South: 12yrs,0.114348970799
South: 12yrs+,0.117114719191
South: 16yrs+,0.199957710741
West: 11yrs- ,0.101070950469
West: 12yrs,0.127144607843
West: 12yrs+,0.0979876722263
West: 16yrs+,0.239597187916
